doi	title	volume	issue	published_date	rs_form_type	sample_size_category	extraction_confidence	sample_size_raw
10.1038/s41586-025-09685-6	Gene-drive-capable mosquitoes suppress patient-derived malaria in Tanzania	649	8096	2025-12-10		power_calc	high	No formal statistical power calculations were performed. Sample sizes were chosen based on prior similar experiments and logistical feasibility, ensuring sufficient biological replicates for statistical comparisons (e.g. mosquito fertility and fecundity, infection prevalence and intensity, oocyst si
10.1038/s41586-025-09820-3	Mapping the genetic landscape across 14 psychiatric disorders	649	8096	2025-12-10	Life sciences study design	ambiguous	high	The current study reflects the largest and most comprehensive cross-disorder psychiatric genetic analysis to-date. This study makes use of the largest psychiatric disorder GWAS currently available. Sample sizes for each of the included 14 disorders are provided in Table 1 of the main text.
10.1038/s41586-025-09853-8	An RNA splicing system that excises DNA transposons from animal mRNAs	649	8096	2025-12-10		replication_standard	high	No statistical method was used to predetermine sample size. All quantitative data represent the mean of at least three independent experiments, as indicated by the data points shown in the graphs. For C. elegans assays, PCR was performed using samples collected from 60 mm plates of worms to obtain s
10.1038/s41586-025-09874-3	Soft biodegradable implants for long-distance and wide-angle sensing	649	8096	2026-1-7		resource_constraint	high	No statistical method was used to predetermine sample size. The sample sizes for each experiment were chosen based on the following rationales: * Cell toxicity (n=6 independent material-containing culture mediums): This sample size is consistent with common practice in the field for initial biocompa
10.1038/s41586-025-09821-2	Mutations in mitochondrial ferredoxin FDX2 suppress frataxin deficiency	649	8097	2025-12-10	Life sciences study design	ambiguous	high	Sample sizes were not predetermined. Sample sizes for all experiments are stated and defined in figure legends. In general we sought to include between 12-20 individual animals for each experimental group and repeated each experiment in biological triplicate.
10.1038/s41586-025-09770-w	Astrocyte CCN1 stabilizes neural circuits in the adult brain	649	8098	2025-12-17		effect_size_estimate	high	For bulk RiboSeq, 3-6 mice per sequenced per age or condition based on Boisvert el. 2018 Cell Reports. For smFISH, Western blotting, immunohistochemistry experiments, 2-3 technical replicates (slices or blots) were obtained per mouse per experimental group. 3-6 mice were obtained per condition per e
10.1038/s41586-025-09794-2	The Microflora Danica atlas of Danish environmental microbiomes	649	8098	2025-12-3		resource_constraint	high	was determined by feasibility and reach. We have described the sampling approach in detail in the methods of the manuscript and Supplementary Data 5, detailing procurement processes of samples contributed by Microflora Danica consortium members, and the Microflora Danica sampling campaign.
10.1038/s41586-025-09869-0	Fasting boosts breast cancer therapy efficacy via glucocorticoid activation	649	8098	2025-12-10		power_calc	high	For our in vitro experiments, no statistical method was used to predetermine sample size, but our sample size were similar to those reported in several publication including ours (at least three technical replicates each experiment). For our in vivo experiments, we estimated sample size by PS (Power
10.1038/s41586-025-09887-y	Lesion-remote astrocytes govern microglia-mediated white matter repair	649	8098	2025-12-17		power_calc	high	Animal group sizes were calculated to provide at least 80% power when using the following parameters: probability of type | error (alpha) = .05, a conservative effect size of 0.25, 2-5 treatment groups with multiple measurements obtained per replicate. For all experiments performed as part of this p
10.1038/s41586-025-09809-y	Viral RNA blocks circularization to evade host codon usage control	649	8099	2025-12-3	behavioural & social sciences study design	replication_standard	high	Sample sizes were chosen based on commonly accepted standards in molecular biology.
10.1038/s41586-025-09812-3	Whole-genome landscapes of 1,364 breast cancers	649	8099	2025-12-3	Life sciences study design	na_or_blank	medium	
10.1038/s41586-025-09834-x	A direct role for a mitochondrial targeting sequence in signalling stress	649	8099	2025-12-10		replication_standard	high	All sample sizes and the number of biological replicates for each experiment are reported in the figure legends. No statistical methods were used to predetermine sample size. For live-cell imaging analyses, sample sizes were guided by preliminary experiments that helped establish an appropriate samp
10.1038/s41586-025-09836-9	Sterilization and contraception increase lifespan across vertebrates	649	8099	2025-12-10		effect_size_estimate	high	For the zoo data, we selected datasets for which we had at least 30 individuals per type of contraception, such that the total number of individuals (contracepted + non-contracepted) was at least 100. For the competing risk modelling we selected species for which there were at least 15 individuals w
10.1038/s41586-025-09843-w	Palaeometabolomes yield biological and ecological profiles at early human sites	649	8099	2025-12-17	behavioural & social sciences study design	ambiguous	high	Twenty extant laboratory mouse bones representing two different strains, six 1.7-1.8 and 1.3 myr Olduvai Gorge fossils, one 2.4 myr Chiwondo Beds fossil, one 3.0 myr Makapansgat fossil, six species-matched extant faunal bones, and eight paleosols were subject to destructive analysis. Sample data is 
10.1038/s41586-025-09852-9	RNA-triggered Cas12a3 cleaves tRNA tails to execute bacterial immunity	649	8099	2026-1-7	Life sciences study design	replication_standard	high	Quantitative experiments involved a sample size of at least three, the minimal number needed to perform statistical analyses. The exact sample size is indicated in each figure legend.
10.1038/s41586-025-09898-9	Nutrient requirements of organ-specific metastasis in breast cancer	649	8099	2026-1-7	Life sciences study design	ambiguous	high	Statistical methods were not performed to pre-determine sample size for animal studies. The number of animals assigned per condition was selected empirically to account for the variability of the examined phenotypes based on prior experience with the model, as described in refs. 12, 13. For tissue c
10.1038/s41586-025-10014-0	Advancing regulatory variant effect prediction with AlphaGenome	649	8099	2026-1-28	Life sciences study design	ambiguous	high	All available data were used for each benchmark and evaluation. No subsampling was performed
10.1038/s41586-025-09808-z	Dated gene duplications elucidate the evolutionary assembly of eukaryotes	650	8100	2025-12-3	Ecological, evolutionary & environmental sciences study design	na_or_blank	medium	as above
10.1038/s41586-025-09811-4	Homo sapiens-specific evolution unveiled by ancient southern African genomes	650	8100	2025-12-3	Life sciences study design	ambiguous	high	Genomic and radiocarbon data from 28 ancient individuals from South Africa were analysed in this study. The sample size was dependent on the availability of human remains dating to the Stone Age and Iron Age from southern Africa, with preserved and retrievable ancient DNA sequences. These specimens 
10.1038/s41586-025-09825-y	Uncovering the role of LINE-1 in the evolution of lung adenocarcinoma	650	8100	2025-12-10	Life sciences study design	ambiguous	high	We analyzed deep whole-genome sequencing (mean read depth 81.7x) and multi-omics data from 1,024 LUAD samples in the Sherlock-Lung study, collected from multiple centers across four continents. This large and diverse cohort included 286 smokers, 737 never-smokers, and 1 participant with unknown smok
10.1038/s41586-025-09828-9	Agonists for cytosolic bacterial receptor ALPK1 induce antitumour immunity	650	8100	2025-12-10	unknown	na_or_blank	low	
10.1038/s41586-025-09829-8	Human gut M cells resemble dendritic cells and present gluten antigen	650	8100	2025-12-10		replication_standard	high	No sample size calculation was performed. Unlike in mouse study, organoid experiments were all conducted in a highly controlled environment, and only involve specific cells or molecules rather than whole organism. For quantitative organoid experiments, based on our experience, experimental triplicat
10.1038/s41586-025-09929-5	Correlates of HIV-1 control after combination immunotherapy	650	8100	2025-12-1	Life sciences study design	ambiguous	high	No sample size was pre-specified for the analysis included here. This was designed as a proof-of-concept mechanistic study.
10.1038/s41586-025-09932-w	CD8+ T cell stemness precedes post-intervention control of HIV viraemia	650	8100	2025-12-1		resource_constraint	high	Sample sizes were constrained by specimen and reagent availability.
10.1038/s41586-025-09960-6	Dominant contribution of Asgard archaea to eukaryogenesis	650	8100	2026-1-14	Ecological, evolutionary & environmental sciences study design	ambiguous	high	Prokaryotes were sampled as widely as possible though manual curation of the NCBI genome database. A wide Eukaryotic representation was ensured though the usage of the Eukprot database.
10.1038/s41586-025-09810-5	TSC tunes progenitor balance and upper-layer neuron generation in neocortex	650	8101	2025-12-3		power_calc	high	A priori sample size calculations were not performed. For experiments using human tissues, we included as many different samples (n=3) as we were able to obtain. For others, minimum sample sizes were estimated based on previously published studies (PMID: 31277925; PMID: 31846650).
10.1038/s41586-025-09824-z	Erythropoietin receptor on cDC1s dictates immune tolerance	650	8101	2025-12-10		effect_size_estimate	high	Sample sizes were determined based on preliminary data or prior experience with variability in similar experimental settings.
10.1038/s41586-025-09854-7	Gut micro-organisms associated with health, nutrition and dietary interventions	650	8101	2025-12-10		power_calc	high	No a priori sample size calculation was performed, as we gather and analyzed 34,694 microbiome samples, leveraging the largest (to the best of our knowledge) and most comprehensive microbiome cohorts, providing robust statistical power sufficient for the primary exploratory and hypothesis-generating
10.1038/s41586-025-09856-5	An ancient DNA perspective on the Russian conquest of Yakutia	650	8101	2026-1-7	Ecological, evolutionary & environmental sciences study design	ambiguous	high	Sampling was dependent upon the availability of ancient human remains.
10.1038/s41586-025-09866-3	Causal modelling of gene effects from regulators to programs to traits	650	8101	2025-12-10	Life sciences study design	ambiguous	high	All analyses were performed on previously collected data from the UK Biobank or publicly available data. In all analyses we used all data that passed filtering criteria as described in the methods.
10.1038/s41586-025-09875-2	Spatiotemporal cellular map of the developing human reproductive tract	650	8101	2025-12-17	Life sciences study design	ambiguous	high	No sample size calculation was performed, sample size was determined by the time availability to collect samples. - scRNA-seq: 73 fetal donors; - scATAC-seq: 29 fetal donors; - 10x Visium: 20 fetal donors, 1 adult donor; - In Situ Sequencing: 9 fetal donors. The sample size is sufficient as we have 
10.1038/s41586-025-09884-1	Human assembloids recapitulate periportal liver tissue in vitro	650	8101	2025-12-17	Life sciences study design	effect_size_estimate	high	No statistical methods were used to estimate sample sizes before the study. We based our sample numbers on a combination of previous experience with in vivo and in vitro systems, and standards in the field.
10.1038/s41586-025-09991-z	Pesticide residues alter taxonomic and functional biodiversity in soils	650	8101	2026-1-28	Ecological, evolutionary & environmental sciences study design	ambiguous	high	Sampling points were selected based on their overlapping between LUCAS Soil Pesticides and LUCAS Soil Biodiversity modules, both presented in Orgiazzi, A. et al. LUCAS Soil Biodiversity and LUCAS Soil Pesticides, new tools for research and policy development. European Journal of Soil Science 73, e13
10.1038/s41586-025-09798-y	Gene-specific selective sweeps are pervasive across human gut microbiomes	650	8102	2025-12-17	Ecological, evolutionary & environmental sciences study design	ambiguous	medium	Data collection
10.1038/s41586-025-09885-0	Evidence accumulation from experience and observation in the cingulate cortex	650	8102	2026-1-7	Life sciences study design	ambiguous	high	We used n= 2 monkeys, with n=36 sessions. Number of sessions was sufficient to replicate findings by cross validation across sessions.
10.1038/s41586-025-09888-x	Plastic landmark anchoring in zebrafish compass neurons	650	8102	2026-1-7		effect_size_estimate	high	Due to the novel nature of hte phenomenology we studied, it was difficult to estimate the effect size and individual variability beforehand. As such, we did not pre-calculate the sample size (the number of fish). Instead, we initially aimed to collect data from about 20 animals per experiment or per
10.1038/s41586-025-09893-0	Sustained HIV-1 remission after heterozygous CCR5Δ32 stem cell transplantation	650	8102	2025-12-1		power_calc	high	Sample size calculation was not applicable, as this study focused on a single individual. For NK-cell phenotyping, sample size calculation was not applicable as this study was focused on one specific individual, similar to previously published literature (https://doi.org/10.1038/s41591-024-03277-z).
10.1038/s41586-025-09899-8	Stress controls heterochromatin inheritance via histone H3 ubiquitylation	650	8102	2026-1-7		replication_standard	high	Sample size selection was based on experience from prior studies: [Sahu et al., 2024, Mol Cell (PMID: 39096900); Wei et al., 2021, Nat Cell Biol (PMID: 33574613); Holla et al., 2020, Cell (PMID: 31883795); Mazza et al., 2013, Methods Mol Biol (PMID: 23980004)
10.1038/s41586-025-09903-1	Intratumoural vaccination via checkpoint degradation-coupled antigen presentation	650	8102	2026-1-7	Life sciences study design	effect_size_estimate	high	No statistical method was used to determine sample size. Sample size choice was based on our experience with variability in these assays and our ability to detect meaningful differences between treatments. In order to ensure reproducibility , all experiments were repeated a minimum of two times.
10.1038/s41586-025-09910-2	Distinct neuronal populations in the human brain combine content and context	650	8102	2026-1-7	Life sciences study design	ambiguous	high	Our analysis is based on a total of 3,109 units recorded in 49 experimental sessions from 16 epilepsy patients suffering from drug-resistant epilepsy and undergoing invasive seizure monitoring with the goal of subsequent neurosurgical resection. No a-priori sample-size calculation was performed. Our
10.1038/s41586-025-09923-x	Disease tolerance and infection pathogenesis age-related tradeoffs in mice	650	8102	2026-1-14	Life sciences study design	na_or_blank	medium	
10.1038/s41586-025-09940-w	A nowhere-to-hide mechanism ensures complete piRNA-directed DNA methylation	650	8102	2026-1-14	Life sciences study design	resource_constraint	high	Sample sizes were determined based on available biological material, with no statistical methods being used to pre-determine sample sizes. For each experiment requiring statistical quantification, three or more independent biological replicates were analysed.
10.1038/s41586-025-09978-w	Oxygen-free metabolism in the bird inner retina supported by the pecten	650	8102	2026-1-21	behavioural & social sciences study design	ambiguous	high	Each individual animal represent one data point.
10.1038/s41586-025-10020-2	Population-scale sequencing resolves determinants of persistent EBV DNA	650	8102	2026-1-28		power_calc	high	No pre-determined sample size was calculated for these analyses as analyses were retrospective from large cohorts. The sample sizes for genetic and phenotypic associations exceeded 490,000 from the UKB (discovery cohort) and 245,000 from AoU (replication cohort) represent the largest cohorts to date
10.1038/s41586-025-09881-4	Genetic switch between unicellularity and multicellularity in marine yeasts	650	8103	2026-1-7		effect_size_estimate	high	No predetermined sample size was used for statistical analysis. Sample sizes were chosen to ensure reproducibility of the observed phenotypes, based on preliminary experiments and consistency across replicates. Sample sizes are comparable to those reported in similar studies in the field (Mitchison 
10.1038/s41586-025-09886-z	Insights into DNA repeat expansions among 900,000 biobank participants	650	8103	2026-1-7	Life sciences study design	ambiguous	high	We used genome sequencing data from UK Biobank and All of Us, which were the largest WGS cohorts available to us and provided ample statistical power to identify genetic modifiers of somatic repeat expansion. Our GWAS on somatic expansion of TCF4 included 40,231 UK Biobank participants and 8,217 All
10.1038/s41586-025-09896-x	Mitochondrial transfer from glia to neurons protects against peripheral neuropathy	650	8103	2026-1-7	Life sciences study design	ambiguous	high	No statistical calculation was used to predetermine sample size for in vitro and in vivo study. In samples for the in vitro experiments, sample sizes of at least n=3 (biologically independent replicates) were sufficient to ensure reproducibility. Sample sizes were determined based on the similar exp
10.1038/s41586-025-09906-y	Oral 4′-fluorouridine rescues nonhuman primates from advanced Lassa fever	650	8103	2026-1-7	Life sciences study design	na_or_blank	medium	
10.1038/s41586-025-09907-x	Bidirectional CRISPR screens decode a GLIS3-dependent fibrotic cell circuit	650	8103	2026-1-7		replication_standard	high	For mice, the minimal sample size was set the availability of mice for completing the experiment, with each treatment or genotype consisting of at least n=3. Inbred mice were used and sex-matched, allowing for similar variance between experimental group. In vitro cell culture experiments were perfor
10.1038/s41586-025-09925-9	A foundation model for continuous glucose monitoring data	650	8103	2026-1-14		power_calc	high	This studies goal was to build a deep learning model using the HPP dataset, thus no prior knowledge on the expected effect sizes exists, or sample size calculation was done. Samples included in this study are of all the participants who met the inclusion criteria detailed in Shilo et al. (2021). The
10.1038/s41586-025-09933-9	Ultra-high-throughput mapping of genetic design space	650	8103	2026-1-14	Life sciences study design	na_or_blank	medium	
10.1038/s41586-025-09943-7	CFAP20 salvages arrested RNAPII from the path of co-directional replisomes	650	8103	2026-1-14		replication_standard	high	No statistical method was used to predetermine sample size. Sample sizes were chosen for the different experimental approaches based on the technical difficulty and throughput of the individual assays, the chosen sample sizes are consistent with previous publications. For imaging experiments, >100 p
10.1038/s41586-025-09963-3	Ligand-specific activation trajectories dictate GPCR signalling in cells	650	8103	2026-1-14	Life sciences study design	na_or_blank	medium	
10.1038/s41586-025-09987-9	Ageing promotes microglial accumulation of slow-degrading synaptic proteins	650	8103	2026-1-21	Life sciences study design	effect_size_estimate	high	No statistical methods were used for determining sample size. For most studies, sample size = 3 or 4 was selected because pilot studies demonstrated that 3 replicates sufficed for sufficient replication without large variation and/or out of consideration of TMT-plexing limits. Importantly, n = 3 or 
10.1038/s41586-025-10001-5	Environmentally driven immune imprinting protects against allergy	650	8103	2026-1-28	Life sciences study design	replication_standard	high	Sample sizes were chosen to give a minimum of n = 5 across a minimum of two independent experiments.
10.1038/s41586-025-10028-8	Tumour–brain crosstalk restrains cancer immunity via a sensory–sympathetic axis	650	8103	2026-2-4	Life sciences study design	replication_standard	high	The sample sizes used in this paper were selected based on those used in previous publications (Jin et al. Cell 2019). Exact sample sizes are described in each figure legends or Methods.
10.1038/s41586-025-10074-2	Integrated structural dynamics uncover a new B12 photoreceptor activation mode	650	8103	2026-2-4	Life sciences study design	methodology_determined	high	The number of collected and indexed images in TR-SFX experiments necessary to obtain statistically meaningful data has been judged according to the CC1/2 value. For all other experiments, the sample size has been determined based on the SNR.
10.1038/s41586-025-09902-2	Prefrontal neural geometry of learned cues guides motivated behaviours	651	8104	2026-1-7	Life sciences study design	na_or_blank	medium	
10.1038/s41586-025-09913-z	Microbiota-induced T cell plasticity enables immune-mediated tumour control	651	8104	2026-1-14		resource_constraint	high	Sample sizes were not predetermined and the precise number of animals used are given in the figure legend. 5-10 mice per group were chosen based on previous experience of the intragroup validation of tumor growth upon similar treatments and common practice in the field, and animal welfare guidelines
10.1038/s41586-025-09964-2	Common variation in meiosis genes shapes human recombination and aneuploidy	651	8104	2026-1-21		resource_constraint	high	All available samples (after quality control) were used in the study to maximize statistical power.
10.1038/s41586-025-09969-x	Language model-guided anticipation and discovery of mammalian metabolites	651	8104	2026-1-14		effect_size_estimate	high	For isotope tracing, two mice were infused for each tracer in an exploratory fashion to identify the presence or absence of labeling in product metabolites. For purified and chow diets, four mice were fed the respective diets. Dietary intake, both in timing and quantity, can vary between mice, such 
10.1038/s41586-025-09983-z	Baby-to-baby strain transmission shapes the developing gut microbiome	651	8104	2026-1-21		resource_constraint	high	We collected and utilized n=1013 fecal metagenomes from N=134 participants in this longitudinal study. As this was an observational, ecologically constrained study focusing on the first year of nursery, we did not perform a formal a priori cohort size calculation. Instead, our strategy was based on 
10.1038/s41586-025-09984-y	Intestinal macrophages modulate synucleinopathy along the gut–brain axis	651	8104	2026-1-28	Life sciences study design	replication_standard	high	Study sizes were based on comparable experiments previously published (for example, Kim et al 2019 Neuron, Challis et al 2020 Nat Neuro)
10.1038/s41586-025-09985-x	Critical role for a high-plasticity cell state in lung cancer	651	8104	2026-1-21		effect_size_estimate	high	No sample size calculation was performed for the given animal studies. For Slc4a11-MCD/+, Hopx-MACD/+, Rosa26-CreERT2, Rosa26-mTmG/+ and Hipp11-GGCB/+ studies, we were restricted by the number of mice with the correct genotype to be included in the experimental groups. For transplantation studies, i
10.1038/s41586-025-10055-5	Rete ridges form via evolutionarily distinct mechanisms in mammalian skin	651	8104	2026-2-4	Life sciences study design	replication_standard	high	No sample size calculations were performed. A minimum of 3 or more biological replicates, and a mix of males and females, were obtained when possible, however some timepoints within our human or pig sample sets only consisted of 1-2 biological replicates due to model limitations (e.g. initial pig li
10.1038/s41586-025-09926-8	The ubiquitin ligase KLHL6 drives resistance to CD8+ T cell dysfunction	651	8105	2026-1-14		replication_standard	high	The sample size for each experiment is indicated in the figures and figure legends. Sample sizes were based on our experience and common practice in the related fields, balancing statistic robustness, resource availability and animal welfare. No Statistical methods were used to predetermine sample s
10.1038/s41586-025-09945-5	N1-Methylpseudouridine directly modulates translation dynamics	651	8105	2026-1-14		power_calc	high	Sample sizes were determined based on prior experience with each assay, and practical constraints. No formal a priori power calculations were performed. Ribosome profiling experiments were performed with 2 biological replicates due to the requirement to process samples in parallel to avoid batch eff
10.1038/s41586-025-09958-0	Predictive coding of reward in the hippocampus	651	8105	2026-1-14	behavioural & social sciences study design	ambiguous	high	Eight naive male mice were trained and recorded for weeks. In average we recorded 504 + 101 (mean + std) neurons across session and mice. For analyzing backward shifting reward cells we could reliably track 194 reward cells across mice.
10.1038/s41586-025-09994-w	Identification of an allosteric site on the E3 ligase adapter cereblon	651	8105	2026-1-21		resource_constraint	high	Number of sample size were chosen based on the maximum number of replicates that could be simultaneously analyzed with adequate statistics.
10.1038/s41586-025-09996-8	Pyramidal neurons proportionately alter cortical interneuron subtypes	651	8105	2026-1-21		replication_standard	high	Sample sizes were not predetermined using a formal statistical power analysis. Instead, sample sizes were chosen based on established practices in the field to ensure the robust and reproducible detection of biological effects, while adhering to the principles of the 3Rs (Replacement, Reduction, and
10.1038/s41586-025-10006-0	Construction of complex and diverse DNA sequences using DNA three-way junctions	651	8105	2026-1-21	Life sciences study design	na_or_blank	medium	
10.1038/s41586-025-10011-3	PAF15–PCNA exhaustion governs the strand-specific control of DNA replication	651	8105	2026-1-28	Life sciences study design	replication_standard	high	No statistical method was used to predetermine the sample size. Sample size was determined to be adequate on the levels and consistency of the differences between the groups. For all QIBC, experiments minimum of three technical repeats and minimum of two biological replicates were performed. Sample 
10.1038/s41586-025-10037-7	Human and bacterial genetic variation shape oral microbiomes and health	651	8105	2026-1-28	Life sciences study design	na_or_blank	medium	
10.1038/s41586-025-10040-y	Systematic analyses of lipid mobilization by human lipid transfer proteins	651	8105	2026-1-7	Life sciences study design	resource_constraint	high	No calculations were performed to determine the sample size. The sample size was limited by the number and availability of human LTP cDNAs and our success in expressing LTP in HEK293 and E. coli, respectively. 3 nature portfolio | reporting summary April 2023
10.1038/s41586-025-09965-1	Polyamine-dependent metabolic shielding regulates alternative splicing	651	8106	2026-1-14	behavioural & social sciences study design	replication_standard	high	For in vitro assays, sample size was determined by establishing a minimum of 3 biological replicates and asssessing data dispersion to increase the number of replicates accordingly. For in vivo assays, we counted on power analysis to establish minimum sample sizes.
10.1038/s41586-025-09972-2	The transition from monocyte to tissue-resident macrophage requires DHPS	651	8106	2026-1-21	Life sciences study design	replication_standard	high	No statistical method was used to predetermine sample size, but a minimum of three samples were used per experimental group and condition. Sample size for single cell RNA and bulk RNA sequencing was chosen according to personal experience (n = 3 biological replicates) and in view of financial constr
10.1038/s41586-025-09988-8	Fibroblastic reticular cells direct the initiation of T cell responses via CD44	651	8106	2026-1-21		power_calc	high	Group sample sizes were chosen based on standards in the field and our previous studies where we used power analysis to estimate group sizes that would provide at least 80% power to detect statistically significant differences.
10.1038/s41586-025-09997-7	Dissecting gene regulatory networks governing human cortical cell fate	651	8106	2026-1-21		no_justification	high	4 individuals were collected for the initial Perturb-seq. Validation experiments focusing on top candidates were carried out using additional 13 individuals (2D single cell lineage tracing) in both human and macaque, 4 human individuals in organotypic slice culture and 9 individuals (flow cytometry)
10.1038/s41586-025-10003-3	Convergent evolution of scavenger cell development at brain borders	651	8106	2026-1-21	Life sciences study design	ambiguous	high	No sample-size calculations were conducted as generally large sample numbers were available and sufficient to provide robust statistical testing. In vivo experiments on zebrafish were conducted on at least n=5 biological replicates/group to ensure unbiased representation of biological variation. In 
10.1038/s41586-025-10047-5	Developmental convergence and divergence in human stem cell models of autism	651	8106	2026-1-29	Life sciences study design	resource_constraint	high	Sample size was not pre-calculated due to the nature of patient-derived organoid work. We aimed to maximize the sample size through patient recruitment. Our starting sample sizes have a wide range depending on the specific mutation, however, our sample size is the largest in organoid work to date, w
10.1038/s41586-025-10050-w	Sleep-dependent clearance of brain lipids by peripheral blood cells	651	8106	2026-2-11	Life sciences study design	resource_constraint	high	Sample sizes in each experiment were based on the number of samples that we were able to collect/dissect/process within 2hrs, while including all groups to be statistically compared to one-another. All the size informations were included in the manuscript.
10.1038/s41586-025-10052-8	GlycoRNA complexed with heparan sulfate regulates VEGF-A signalling	651	8106	2026-1-28		replication_standard	high	No statistical methods were used to determine the sample size. All sample sizes were determined based on optimization experiments, previous experience, and published literature. For imaging sample sizes, we referenced Jonathan et al., Cell 2025 PMID: 40020667; For glycoRNA sample sizes, we reference
10.1038/s41586-025-10054-6	A cross-population compendium of gene–environment interactions	651	8106	2026-1-28		resource_constraint	high	We used UK Biobank and Biobank Japan for discovery and replication. We analyzed unrelated individuals from all genetically European participants in the former and all genetically Japanese participants in the latter. We also used unrelated individuals from all genotyped participants from four externa
10.1038/s41586-025-10061-7	Psychedelics elicit their effects by 5-HT2A receptor-mediated Gi signalling	651	8106	2026-1-28		methodology_determined	high	For Glosensor, TRUPATH, BERT based Gα-Gγ dissociation or βarr2 recruitment, HiBiT-based surface expression, three independent experiments (n=3) were performed and used for the evaluation of S.E.M. as depicted in related figure legends. Data were analyzed by fitting various concentration of substrate
10.1038/s41586-026-10110-9	Reduced cyclin D3 expression in erythroid cells protects against malaria	651	8106	2026-2-18	Life sciences study design	replication_standard	high	The sample size used for the GWAS and selection analyses corresponded to the vast majority (N=6,824) of participants in the SardiNIA cohort and was not determined a priori, although previous analyses indicated that it provided adequate statistical power for the effects tested. No statistical methods
10.1038/s41586-026-10155-w	Limited thermal tolerance in tropical insects and its genomic signature	651	8106	2026-3-4	Ecological, evolutionary & environmental sciences study design	ambiguous	high	was 26 in the Neotropics and 15 in the Afrotropics; for few response variables the sample size was lower as data was missing for some study sites. The sample size is indicated for each response variable in the method section. As all study sites were geographically seperated by an elevational interva
10.1038/s41586-026-10112-7	Genomic history of early dogs in Europe	651	8107	2026-3-25	Ecological, evolutionary & environmental sciences study design	resource_constraint	high	We aimed to sample canid remains broadly from Europe and from the Upper Paleolithic, Mesolithic, and to some extent also Neolithic periods. We contacted museum curators, zooarchaeologists and others with access to such remains. Due to the stochastic and uneven nature of the archaeological record, sa
10.1038/s41586-026-10170-x	Dogs were widely distributed across western Eurasia during the Palaeolithic	651	8107	2026-3-25	behavioural & social sciences study design	resource_constraint	high	All individuals which possessed enough bone/tooth material were sampled for this study (see Supplementary Methods). Material was obtained through collaboration with archaeologists working in the respective regions (see author list).
10.1038/s41586-025-09622-7	Contrasting thermophilization among forests, grasslands and alpine summits			2026-3-18	Ecological, evolutionary & environmental sciences study design	resource_constraint	high	was thus not predetermined but rather a maximum possible based on available data.
10.1038/s41586-026-10179-2	Insulin resistance prediction from wearables and routine blood biomarkers			2026-3-16	Life sciences study design	effect_size_estimate	high	The exact contribution of each feature (wearables, demographics, and blood biomarkers) to insulin resistance prediction was unknown before we started the study. Based on our prior research (Metwally et al., Nature Biomedical Engineering, 2025, and Park et al, npj Digital Medicine, 2025), we determin
10.1038/s41586-026-10219-x	Functional hierarchy of the human neocortex across the lifespan			2026-3-25	Life sciences study design	resource_constraint	high	Sample size was chosen based on available data across our five imaging datasets. Our final sample size of 3972 is large and ages of participants are evenly distributed across the human lifespan.
10.1038/s41586-026-10220-4	Climbing fibres recruit disinhibition to enhance Purkinje cell calcium signals			2026-3-18	Life sciences study design	replication_standard	high	No power analysis or other statistical methods were used to pre-determine sample sizes. Sample sizes were similar to previous publications: PMID: 38692278, PMID: 35578131, PMID: 25205669.
10.1038/s41586-026-10226-y	Adaptive evolution of gene regulatory networks in mammalian neocortex			2026-3-18	Life sciences study design	resource_constraint	high	No sample size calculation was performed. The size of the samples was determined by the availability of the samples, and the sequencing costs.
10.1038/s41586-026-10227-x	Biosynthesis of cinchona alkaloids			2026-3-18	Life sciences study design	replication_standard	high	All experiments designed to probe the function of distinct enzymes were conducted with a sample size of at least three to ensure minimal statistical power analysis: Nicotiana benthamiana pathway reconstitution experiments were done on four independent biological replicates. In vitro assays were perf
10.1038/s41586-026-10232-0	The E3 ubiquitin ligase mechanism specifying targeted microRNA degradation			2026-3-18	Life sciences study design	effect_size_estimate	high	No statistical methods were used to predetermine sample size. Sample sizes were chosen based on pilot experiments to ensure clear and reliable interpretation of the results. The sample sizes used in this study are consistent with standard practices in the field (PMID: 32661162, 33536622). The exact 
10.1038/s41586-026-10235-x	In vivo site-specific engineering to reprogram T cells			2026-3-18	Life sciences study design	power_calc	high	Sample size were chosen based on power calculation and pilot experiments. Due to the challenge in producing reagents in very large quantities, some experiments have unequal group sizes
10.1038/s41586-026-10242-y	Thymic health consequences in adults			2026-3-18	Life sciences study design	resource_constraint	high	Sample size was chosen based on all available data from the FHS and NLST. The cohort comprised a total of 27,612 participants (2,581 in FHS; 25,031 in NLST). In our study we performed a secondary analysis of the two observational cohort studies (FHS, NLST). Sample size was not determined by calculat
10.1038/s41586-026-10243-x	Thymic health and immunotherapy outcomes in patients with cancer			2026-3-18	Life sciences study design	resource_constraint	high	Sample size was chosen based on all available data from the DFHCC and TRACERx. The cohort comprised a total of 3,940 participants (3476 from Harvard and 464 from TRACERx). Sample size was not determined by calculation as this was not a prospective study.
10.1038/s41586-026-10250-y	Proteasome-guided haem signalling axis contributes to T cell exhaustion			2026-3-18	Life sciences study design	effect_size_estimate	high	Group sizes for in vivo validation experiments were selected empirically based on previous results of the intra-group variation of tumor growth upon similar treatments. For in vitro experiments, group sizes were selected on the basis of previous publication and prior knowledge of variation and were 
10.1038/s41586-026-10255-7	Structural basis of supercoiling-induced CRISPR–Cas9 off-target activity			2026-3-25	Life sciences study design	replication_standard	high	No sample size calculation was performed. All observations were observed on sufficient numbers of individual molecules (>19). This sample size was taken from multiple different technical repeats of each condition tested. In our study, we capture individual DNA molecules and probe binding and FRET in
10.1038/s41586-026-10258-4	Epigenetic memory of colitis promotes tumour growth			2026-3-25	Life sciences study design	resource_constraint	high	No statistical methods were used to predetermine sample size. Sample sizes were based on those previously used by our lab and in preliminary experiments. Human organoid experiments were limited by donor participation.
10.1038/s41586-026-10259-3	Synthetic circuits for cell ratio control			2026-3-18	Life sciences study design	replication_standard	high	No statistical methods were used to predetermine sample size. Sample sizes were chosen to include at least three independent biological replicates, based on established practices in the field and prior literature (doi.org/10.1038/s41586-025-09287-2; doi.org/10.1038/ s41586-025-08947-7), to ensure re
10.1038/s41586-026-10264-6	Androgen activity in the male embryonic hindbrain drives lethal PFA ependymoma			2026-3-25	Life sciences study design	resource_constraint	high	Sample size was determined by the availability of the human samples. Mouse samples of hindbrain development time points were chosen based on availability and relevance of important developmental events.
10.1038/s41586-026-10266-4	Exposed phosphatidylserine is an inhibitory molecule in T cell exhaustion			2026-3-25	Life sciences study design	resource_constraint	high	No statistical method was used to predetermine sample size. Sample sizes were based off previous and preliminary studies from our lab (Sarkar, S. et al. J Exp Med. 2008) (Im, S. et al. Nature, 2016). For human studies, sample size was based on the availability of adequate samples.
10.1038/s41586-026-10267-3	Rapid concerted switching of the neural code in the inferotemporal cortex			2026-3-25	Life sciences study design	replication_standard	high	Sample sizes were maximized given the recording capacity of NHP Neuropixels probes (384 channels) and are consistent with previous studies using similar methods such as She, Liang, et al. "Temporal multiplexing of perception and memory codes in IT cortex" Nature (2024) and Bao, Pinglei, et al. "A ma
10.1038/s41586-026-10268-2	Catabolism of extracellular glutathione supplies cysteine to support tumours			2026-3-18	Life sciences study design	effect_size_estimate	high	For cell culture experiments, sample sizes were not chosen based on statistical methods. All cell culture experiments were repeated at least 2 independent times, each with n23 technical replicates (i.e., independent wells) per experimental condition, unless stated otherwise. This number was selected
10.1038/s41586-026-10270-8	Dominant clones leverage developmental epigenomic states to drive ependymoma			2026-3-25	behavioural & social sciences study design	resource_constraint	high	Sample size was defined by sample availability. There was no sample-size calculation performed.
10.1038/s41586-026-10278-0	Ectopic NMDAR expression in cancer unmasks germline-encoded autoimmunity			2026-3-25	Life sciences study design	methodology_determined	medium	
10.1038/s41586-026-10281-5	Parasites trigger epithelial cell crosstalk to drive gut–brain signalling			2026-3-25	Life sciences study design	power_calc	high	For statistical comparisons, sample size was selected based on power calculations performed with reference to previous or present experiments carried out in our laboratory and in the field. For patch-clamp recording experiments, we collected data from 6 cells. For Ca2+ imaging experiments, we collec
10.1038/s41586-026-10288-y	The DNA virome varies with human genes and environments			2026-3-25	Life sciences study design	na_or_blank	medium	
10.1038/s41586-026-10291-3	Oxygen supply through the tracheolar–muscle system does not constrain insect gigantism			2026-3-25	Ecological, evolutionary & environmental sciences study design	methodology_determined	high	Protocolsofunbiasedstereologywerestrictlyadheredto,includingsystematicrandomsamplingwhereapplicable,sothatisotropic uniformrandomimagesweregeneratedforanalysis.Thisincludedthehierarchicalrandomizationoftissuesampling,imagingand imageanalysis.Sample sizewasestimatedbasedontheanticipatedmagnitudeofvar
10.1038/s41586-026-10306-z	Aversive learning hijacks a brain sugar sensor to consolidate memory			2026-3-25	Life sciences study design	replication_standard	high	Sample sizes in this study were similar to previous studies from our or other groups for aversive memory assays14, appetitive memory assays37, metabolic imaging15,16, calcium imaging9, rather than being predetermined by statistical power estimation.
10.1038/s41586-026-10360-7	Molecular basis of oocyte cytoplasmic lattice assembly			2026-3-17	Life sciences study design	methodology_determined	medium	
